{
    "MyoSim_model":
    {
        "code": {
            "version": "2.1.1"
        },
        "muscle_props":
        {
            "no_of_half_sarcomeres": 1,
            "series_k_linear_per_hs": 0.001,
            "sc_sigma": 967.4234504244531,
            "sc_L": 20.610423346017942
        },
        "hs_props":
        {
            "kinetic_scheme": "4state_with_SRX_cMyoSim",
            "hs_length": 1300,
            "myofilaments":
            {
                "bin_min": -10,
                "bin_max": 10,
                "bin_width": 1,
                "thick_filament_length": 815,
                "thin_filament_length": 1120,
                "bare_zone_length": 80,
                "k_falloff": 0
            },
            "parameters":
            {
                "k_1": 7.848271369934082,
                "k_force": 0.0001282485027331859,
                "k_2":  144.41162109375,
                "k_3":   288.8232,
                "k_4_0": 90.3031005859375,
                "k_4_1": 0.3003807067871094,
                "k_4_2": 0.09336413443088531,
                "k_5_0": 118.47224426269531,
                "k_5_1": -69.5747299194336,
                "k_6_0": 55.112579345703125,
                "k_6_1": 169.31964111328125,
                "k_7_0": 138.25869750976562,
                "k_7_1": 0.6644937992095947,
                "k_7_2": 6.320352554321289,
                "k_7_3": 4.0,
                "k_8": 0,
                "k_cb": 0.001,
                "x_ps": 8.039233948442297,
                "k_on": 56386017.061959445,
                "k_off": 100,
                "k_coop": 4.797623050801577,
                "int_passive_force_mode": "exponential",
                "int_passive_hsl_slack": 967,
                "int_passive_sigma": 51,
                "int_passive_L": 90,
                "ext_passive_force_mode": "exponential",
                "ext_passive_hsl_slack": 1000,
                "ext_passive_sigma": 0,
                "ext_passive_L": 100,
                "compliance_factor": 0.5,
                "cb_number_density":   6.6e16,
                "k_boltzmann": 1.38e-23,
                "temperature": 288,
                "max_rate": 5000
            }
        }
    }
}
